original_id,related_question_id,jaccard_distance,length_difference,cosine_similarity,relevance
Q201,Q201_R7,0.951,165,0.916,Irrelevant
Q201,Q201_R23,0.981,141,0.908,Irrelevant
Q201,Q201_R24,0.943,152,0.94,Relevant
Q201,Q201_R26,1.0,33,0.835,Irrelevant
Q201,Q201_R27,0.933,156,0.943,Irrelevant
Q201,Q201_R29,0.936,98,0.949,Irrelevant
Q201,Q201_R31,0.943,239,0.912,Irrelevant
Q201,Q201_R35,0.923,330,0.948,Irrelevant
Q201,Q201_R41,0.921,34,0.915,Irrelevant
Q201,Q201_R46,0.977,100,0.92,Irrelevant
Q202,Q202_R3,0.897,102,0.96,Relevant
Q202,Q202_R9,0.831,96,0.962,PerfectMatch
Q202,Q202_R11,0.967,160,0.971,Relevant
Q202,Q202_R14,0.895,128,0.935,Relevant
Q202,Q202_R15,0.871,25,0.955,Relevant
Q202,Q202_R17,0.888,112,0.913,Relevant
Q202,Q202_R20,0.88,12,0.973,Relevant
Q202,Q202_R37,0.927,44,0.963,Relevant
Q202,Q202_R38,0.845,38,0.974,Relevant
Q202,Q202_R40,0.938,211,0.966,Irrelevant
Q203,Q203_R2,0.846,41,0.969,Relevant
Q203,Q203_R12,0.897,10,0.965,Relevant
Q203,Q203_R14,0.898,60,0.959,Relevant
Q203,Q203_R19,0.866,53,0.959,Irrelevant
Q203,Q203_R26,0.93,204,0.922,Relevant
Q203,Q203_R35,0.826,38,0.973,Irrelevant
Q203,Q203_R37,1.0,237,0.753,Irrelevant
Q203,Q203_R39,0.841,26,0.968,Irrelevant
Q203,Q203_R43,0.895,11,0.956,Irrelevant
Q203,Q203_R49,0.896,109,0.958,Irrelevant
Q204,Q204_R9,0.926,299,0.906,PerfectMatch
Q204,Q204_R17,1.0,40,0.0,PerfectMatch
Q204,Q204_R28,1.0,40,0.0,PerfectMatch
Q204,Q204_R29,0.883,318,0.927,PerfectMatch
Q204,Q204_R32,0.922,329,0.932,PerfectMatch
Q204,Q204_R37,0.972,103,0.903,Irrelevant
Q204,Q204_R40,0.985,318,0.901,Relevant
Q204,Q204_R46,0.984,345,0.909,Irrelevant
Q204,Q204_R49,1.0,47,0.905,PerfectMatch
Q204,Q204_R59,0.982,271,0.867,Irrelevant
Q205,Q205_R3,0.874,60,0.961,PerfectMatch
Q205,Q205_R14,0.958,115,0.914,Relevant
Q205,Q205_R15,0.882,32,0.969,Relevant
Q205,Q205_R18,0.897,2,0.951,Relevant
Q205,Q205_R29,0.887,125,0.974,Relevant
Q205,Q205_R30,0.893,13,0.96,Irrelevant
Q205,Q205_R35,0.912,100,0.961,Irrelevant
Q205,Q205_R41,0.892,124,0.965,Relevant
Q205,Q205_R44,0.86,69,0.961,PerfectMatch
Q205,Q205_R52,0.869,126,0.94,Irrelevant
Q206,Q206_R6,0.982,288,0.794,Irrelevant
Q206,Q206_R16,0.982,244,0.797,Irrelevant
Q206,Q206_R17,0.974,137,0.794,Irrelevant
Q206,Q206_R27,0.984,252,0.78,Irrelevant
Q206,Q206_R30,1.0,394,0.776,Irrelevant
Q206,Q206_R36,0.959,234,0.815,Irrelevant
Q206,Q206_R39,1.0,31,0.779,Irrelevant
Q206,Q206_R41,0.931,69,0.751,Irrelevant
Q206,Q206_R43,0.978,212,0.747,Irrelevant
Q206,Q206_R45,0.967,77,0.807,Irrelevant
Q207,Q207_R23,0.9,140,0.914,Relevant
Q207,Q207_R46,0.929,80,0.905,Irrelevant
Q207,Q207_R47,0.83,9,0.947,Relevant
Q207,Q207_R50,0.92,279,0.961,Irrelevant
Q207,Q207_R57,0.92,255,0.936,Irrelevant
Q207,Q207_R61,0.906,193,0.948,Irrelevant
Q207,Q207_R67,0.957,40,0.902,Irrelevant
Q207,Q207_R82,0.947,98,0.886,Irrelevant
Q207,Q207_R83,0.914,279,0.937,Irrelevant
Q207,Q207_R94,0.969,240,0.903,Irrelevant
Q208,Q208_R7,0.937,91,0.95,Relevant
Q208,Q208_R8,0.943,115,0.936,Relevant
Q208,Q208_R10,0.879,126,0.958,Relevant
Q208,Q208_R11,0.897,54,0.905,Relevant
Q208,Q208_R14,0.919,72,0.893,Relevant
Q208,Q208_R16,0.895,311,0.965,Relevant
Q208,Q208_R17,0.92,13,0.936,Irrelevant
Q208,Q208_R20,1.0,143,0.0,Irrelevant
Q208,Q208_R21,0.917,79,0.923,Relevant
Q208,Q208_R30,0.886,180,0.952,Irrelevant
Q209,Q209_R3,0.77,17,0.96,PerfectMatch
Q209,Q209_R8,0.847,7,0.932,Relevant
Q209,Q209_R12,0.85,30,0.958,Relevant
Q209,Q209_R14,0.902,8,0.933,Irrelevant
Q209,Q209_R15,0.896,94,0.942,Relevant
Q209,Q209_R16,0.851,100,0.948,Irrelevant
Q209,Q209_R25,0.887,119,0.936,Irrelevant
Q209,Q209_R33,0.883,82,0.95,Irrelevant
Q209,Q209_R36,0.92,96,0.876,Irrelevant
Q209,Q209_R41,0.909,85,0.935,Irrelevant
Q210,Q210_R4,0.983,164,0.867,Relevant
Q210,Q210_R14,0.971,351,0.905,Irrelevant
Q210,Q210_R15,0.957,120,0.952,Irrelevant
Q210,Q210_R16,0.957,281,0.938,Irrelevant
Q210,Q210_R23,0.955,229,0.933,Irrelevant
Q210,Q210_R33,0.934,198,0.903,Irrelevant
Q210,Q210_R36,0.946,302,0.946,Irrelevant
Q210,Q210_R41,1.0,27,0.0,Irrelevant
Q210,Q210_R56,1.0,85,0.0,Irrelevant
Q210,Q210_R57,0.947,149,0.949,Relevant
Q211,Q211_R2,0.94,275,0.95,Irrelevant
Q211,Q211_R3,0.949,216,0.947,Irrelevant
Q211,Q211_R4,0.924,219,0.932,Irrelevant
Q211,Q211_R6,0.913,144,0.943,Irrelevant
Q211,Q211_R9,0.913,163,0.942,Irrelevant
Q211,Q211_R18,0.943,70,0.869,Irrelevant
Q211,Q211_R22,0.895,202,0.937,Irrelevant
Q211,Q211_R23,0.926,66,0.911,Irrelevant
Q211,Q211_R30,0.89,227,0.954,Irrelevant
Q211,Q211_R35,0.955,7,0.913,Irrelevant
Q212,Q212_R3,0.87,159,0.918,Relevant
Q212,Q212_R11,0.915,282,0.896,Irrelevant
Q212,Q212_R18,0.971,14,0.867,Irrelevant
Q212,Q212_R22,0.921,10,0.881,Irrelevant
Q212,Q212_R27,0.941,29,0.866,Irrelevant
Q212,Q212_R37,0.925,119,0.894,Irrelevant
Q212,Q212_R40,0.915,243,0.904,Irrelevant
Q212,Q212_R49,0.951,203,0.888,Irrelevant
Q212,Q212_R52,0.98,71,0.867,Irrelevant
Q212,Q212_R53,0.932,190,0.858,Irrelevant
Q213,Q213_R2,0.886,61,0.862,PerfectMatch
Q213,Q213_R3,0.939,94,0.819,Irrelevant
Q213,Q213_R4,0.922,191,0.935,Relevant
Q213,Q213_R6,0.953,247,0.874,Irrelevant
Q213,Q213_R9,0.929,12,0.874,Irrelevant
Q213,Q213_R11,0.952,272,0.901,Irrelevant
Q213,Q213_R14,0.921,73,0.867,Irrelevant
Q213,Q213_R29,0.975,343,0.887,Irrelevant
Q213,Q213_R30,0.965,206,0.901,Irrelevant
Q213,Q213_R31,1.0,56,0.867,Relevant
Q214,Q214_R5,0.853,182,0.953,Irrelevant
Q214,Q214_R18,0.831,65,0.962,Irrelevant
Q214,Q214_R28,0.879,7,0.963,Relevant
Q214,Q214_R38,0.849,63,0.96,Relevant
Q214,Q214_R59,0.867,30,0.964,Irrelevant
Q214,Q214_R61,0.857,69,0.974,Relevant
Q214,Q214_R67,0.857,97,0.967,Irrelevant
Q214,Q214_R85,0.837,32,0.97,Relevant
Q214,Q214_R91,0.97,61,0.953,Relevant
Q214,Q214_R92,0.844,52,0.958,Irrelevant
Q215,Q215_R6,0.915,252,0.911,Relevant
Q215,Q215_R8,0.79,37,0.953,Relevant
Q215,Q215_R19,0.847,241,0.953,PerfectMatch
Q215,Q215_R23,0.865,94,0.949,Relevant
Q215,Q215_R55,0.892,151,0.929,Relevant
Q215,Q215_R56,0.843,36,0.963,Irrelevant
Q215,Q215_R57,0.811,26,0.965,Irrelevant
Q215,Q215_R66,0.795,107,0.942,Irrelevant
Q215,Q215_R72,0.841,22,0.959,Relevant
Q215,Q215_R75,0.859,31,0.966,Irrelevant
Q216,Q216_R2,0.974,46,0.866,PerfectMatch
Q216,Q216_R27,0.969,224,0.846,Irrelevant
Q216,Q216_R46,1.0,30,0.831,Irrelevant
Q216,Q216_R49,0.975,88,0.82,Relevant
Q216,Q216_R55,0.93,212,0.869,Irrelevant
Q216,Q216_R60,0.972,275,0.859,Irrelevant
Q216,Q216_R68,0.986,286,0.839,Irrelevant
Q216,Q216_R75,0.985,232,0.85,Irrelevant
Q216,Q216_R78,0.972,312,0.833,Irrelevant
Q216,Q216_R79,0.954,267,0.837,Irrelevant
Q217,Q217_R1,0.84,13,0.94,PerfectMatch
Q217,Q217_R21,0.859,116,0.969,Irrelevant
Q217,Q217_R53,1.0,294,0.0,Irrelevant
Q217,Q217_R54,0.863,59,0.959,Irrelevant
Q217,Q217_R62,0.856,4,0.954,Irrelevant
Q217,Q217_R63,0.867,99,0.974,Irrelevant
Q217,Q217_R67,0.824,122,0.967,Irrelevant
Q217,Q217_R69,0.967,261,0.894,Irrelevant
Q217,Q217_R78,0.864,72,0.963,Irrelevant
Q217,Q217_R85,0.857,33,0.974,Irrelevant
Q218,Q218_R6,0.908,223,0.935,Irrelevant
Q218,Q218_R11,1.0,346,0.0,Irrelevant
Q218,Q218_R18,0.886,54,0.956,Relevant
Q218,Q218_R20,0.934,21,0.961,Relevant
Q218,Q218_R22,0.91,235,0.959,Irrelevant
Q218,Q218_R23,0.841,127,0.969,Irrelevant
Q218,Q218_R29,0.939,302,0.907,Irrelevant
Q218,Q218_R32,0.935,227,0.925,Irrelevant
Q218,Q218_R38,0.951,214,0.906,Irrelevant
Q218,Q218_R48,0.848,115,0.956,Relevant
Q219,Q219_R5,0.921,87,0.905,Irrelevant
Q219,Q219_R6,0.926,38,0.905,Irrelevant
Q219,Q219_R7,0.903,270,0.862,Irrelevant
Q219,Q219_R27,0.937,203,0.881,Irrelevant
Q219,Q219_R33,0.909,132,0.877,Irrelevant
Q219,Q219_R35,0.877,84,0.872,Irrelevant
Q219,Q219_R53,0.93,40,0.856,Irrelevant
Q219,Q219_R57,0.957,26,0.88,Irrelevant
Q219,Q219_R58,0.897,128,0.874,Irrelevant
Q219,Q219_R66,0.929,266,0.877,Irrelevant
Q220,Q220_R15,0.886,40,0.953,Irrelevant
Q220,Q220_R17,0.849,132,0.931,Relevant
Q220,Q220_R18,0.873,76,0.94,Irrelevant
Q220,Q220_R20,0.981,158,0.88,Irrelevant
Q220,Q220_R28,0.873,85,0.961,Relevant
Q220,Q220_R37,0.923,62,0.943,Irrelevant
Q220,Q220_R43,0.827,94,0.966,Irrelevant
Q220,Q220_R49,0.955,61,0.918,Irrelevant
Q220,Q220_R53,0.886,48,0.931,Irrelevant
Q220,Q220_R55,0.886,54,0.948,Irrelevant
Q221,Q221_R5,0.871,30,0.948,Relevant
Q221,Q221_R13,0.897,6,0.909,Relevant
Q221,Q221_R14,0.857,186,0.954,Relevant
Q221,Q221_R37,0.9,48,0.939,Relevant
Q221,Q221_R40,0.859,206,0.959,Relevant
Q221,Q221_R43,0.841,31,0.957,Relevant
Q221,Q221_R44,0.895,91,0.965,Relevant
Q221,Q221_R46,0.817,173,0.96,Relevant
Q221,Q221_R48,0.847,261,0.94,Relevant
Q221,Q221_R67,0.918,79,0.926,PerfectMatch
Q222,Q222_R12,0.853,151,0.927,Relevant
Q222,Q222_R16,0.902,54,0.899,Irrelevant
Q222,Q222_R17,0.86,25,0.908,Relevant
Q222,Q222_R25,0.932,56,0.901,Irrelevant
Q222,Q222_R30,1.0,144,0.0,Relevant
Q222,Q222_R39,0.877,233,0.921,Relevant
Q222,Q222_R48,0.909,234,0.919,Irrelevant
Q222,Q222_R50,0.919,111,0.891,Relevant
Q222,Q222_R55,0.953,105,0.918,Irrelevant
Q222,Q222_R61,0.891,22,0.906,Relevant
Q223,Q223_R2,0.931,7,0.889,Irrelevant
Q223,Q223_R3,0.923,10,0.86,Irrelevant
Q223,Q223_R6,0.988,372,0.913,Relevant
Q223,Q223_R7,0.973,276,0.919,Irrelevant
Q223,Q223_R8,0.947,49,0.867,Irrelevant
Q223,Q223_R11,0.938,242,0.915,Irrelevant
Q223,Q223_R15,0.957,110,0.914,Irrelevant
Q223,Q223_R18,0.944,316,0.927,Irrelevant
Q223,Q223_R20,1.0,9,0.859,Irrelevant
Q223,Q223_R23,1.0,75,0.537,Relevant
Q224,Q224_R13,0.97,109,0.886,Irrelevant
Q224,Q224_R16,0.943,89,0.886,Relevant
Q224,Q224_R33,0.92,204,0.934,Irrelevant
Q224,Q224_R36,0.947,162,0.933,Irrelevant
Q224,Q224_R37,0.957,15,0.925,Irrelevant
Q224,Q224_R38,0.933,220,0.924,Irrelevant
Q224,Q224_R39,0.971,99,0.892,Irrelevant
Q224,Q224_R42,0.924,175,0.943,Irrelevant
Q224,Q224_R43,0.95,61,0.937,Irrelevant
Q224,Q224_R46,0.973,139,0.916,Irrelevant
Q225,Q225_R9,0.985,354,0.829,PerfectMatch
Q225,Q225_R23,0.971,307,0.836,Irrelevant
Q225,Q225_R24,1.0,212,0.789,Irrelevant
Q225,Q225_R29,0.957,151,0.828,Irrelevant
Q225,Q225_R30,1.0,207,0.79,Irrelevant
Q225,Q225_R32,1.0,327,0.778,Irrelevant
Q225,Q225_R36,0.981,206,0.821,Irrelevant
Q225,Q225_R39,0.984,266,0.806,Irrelevant
Q225,Q225_R42,0.985,319,0.791,Relevant
Q225,Q225_R44,0.958,42,0.835,Irrelevant
Q226,Q226_R3,0.829,89,0.955,Relevant
Q226,Q226_R4,0.882,203,0.942,Relevant
Q226,Q226_R10,0.871,90,0.965,Relevant
Q226,Q226_R13,0.919,243,0.928,Relevant
Q226,Q226_R16,0.84,90,0.956,Relevant
Q226,Q226_R28,0.952,201,0.936,Irrelevant
Q226,Q226_R36,1.0,350,0.0,Relevant
Q226,Q226_R45,0.843,51,0.963,Relevant
Q226,Q226_R50,0.852,158,0.956,Relevant
Q226,Q226_R60,0.856,27,0.943,Irrelevant
Q227,Q227_R3,0.899,37,0.954,PerfectMatch
Q227,Q227_R4,0.826,176,0.965,Relevant
Q227,Q227_R29,1.0,224,0.0,Relevant
Q227,Q227_R44,0.936,176,0.953,Irrelevant
Q227,Q227_R45,0.962,146,0.91,Irrelevant
Q227,Q227_R48,0.881,60,0.946,Irrelevant
Q227,Q227_R50,0.957,6,0.912,Irrelevant
Q227,Q227_R69,0.984,68,0.837,Irrelevant
Q227,Q227_R77,0.908,61,0.931,Irrelevant
Q227,Q227_R83,0.9,133,0.901,Irrelevant
Q228,Q228_R2,0.883,296,0.935,PerfectMatch
Q228,Q228_R8,0.904,239,0.936,Relevant
Q228,Q228_R9,0.964,100,0.92,Irrelevant
Q228,Q228_R16,0.862,140,0.94,Relevant
Q228,Q228_R17,0.951,13,0.909,Relevant
Q228,Q228_R30,0.958,197,0.92,Irrelevant
Q228,Q228_R33,0.918,166,0.906,Irrelevant
Q228,Q228_R34,0.93,211,0.909,Irrelevant
Q228,Q228_R35,0.943,78,0.916,Irrelevant
Q228,Q228_R36,0.953,210,0.841,Irrelevant
Q229,Q229_R2,0.895,173,0.924,Relevant
Q229,Q229_R4,0.895,162,0.936,Relevant
Q229,Q229_R5,0.87,130,0.961,Relevant
Q229,Q229_R6,0.919,3,0.949,Irrelevant
Q229,Q229_R8,0.905,2,0.912,Relevant
Q229,Q229_R9,0.939,250,0.875,Irrelevant
Q229,Q229_R10,0.953,110,0.901,Irrelevant
Q229,Q229_R12,0.897,230,0.9,Irrelevant
Q229,Q229_R13,0.95,165,0.911,Irrelevant
Q229,Q229_R15,0.973,209,0.927,Irrelevant
Q230,Q230_R13,0.976,238,0.838,Irrelevant
Q230,Q230_R18,0.979,220,0.886,Irrelevant
Q230,Q230_R34,0.921,177,0.883,Irrelevant
Q230,Q230_R36,0.986,401,0.86,Irrelevant
Q230,Q230_R44,1.0,181,0.847,Irrelevant
Q230,Q230_R57,0.973,136,0.857,Irrelevant
Q230,Q230_R59,0.982,384,0.831,Irrelevant
Q230,Q230_R66,1.0,14,0.726,Irrelevant
Q230,Q230_R77,1.0,354,0.836,Irrelevant
Q230,Q230_R78,1.0,404,0.805,Irrelevant
Q231,Q231_R8,0.903,3,0.97,Relevant
Q231,Q231_R11,0.882,15,0.94,Relevant
Q231,Q231_R13,0.976,218,0.939,Irrelevant
Q231,Q231_R18,0.933,151,0.956,Relevant
Q231,Q231_R20,0.946,262,0.935,Irrelevant
Q231,Q231_R27,1.0,359,0.0,Irrelevant
Q231,Q231_R29,0.907,29,0.964,Relevant
Q231,Q231_R36,0.947,47,0.919,Irrelevant
Q231,Q231_R39,0.904,118,0.956,Relevant
Q231,Q231_R40,0.857,12,0.954,Relevant
Q232,Q232_R30,0.878,133,0.957,Irrelevant
Q232,Q232_R37,0.885,35,0.954,Irrelevant
Q232,Q232_R40,0.887,209,0.957,Irrelevant
Q232,Q232_R46,0.922,170,0.945,Relevant
Q232,Q232_R49,0.864,232,0.966,Relevant
Q232,Q232_R60,0.836,224,0.968,Irrelevant
Q232,Q232_R61,0.902,106,0.912,Irrelevant
Q232,Q232_R71,0.863,19,0.924,Relevant
Q232,Q232_R77,0.964,38,0.931,Relevant
Q232,Q232_R81,0.881,256,0.962,Irrelevant
Q233,Q233_R1,0.903,191,0.947,PerfectMatch
Q233,Q233_R2,0.862,183,0.95,PerfectMatch
Q233,Q233_R4,0.958,59,0.91,Relevant
Q233,Q233_R7,0.891,24,0.941,PerfectMatch
Q233,Q233_R9,0.935,280,0.935,Relevant
Q233,Q233_R10,0.962,84,0.916,Relevant
Q233,Q233_R12,0.949,17,0.92,PerfectMatch
Q233,Q233_R14,0.868,195,0.951,Relevant
Q233,Q233_R15,0.91,28,0.908,Irrelevant
Q233,Q233_R16,0.913,116,0.939,Relevant
Q234,Q234_R3,0.885,102,0.943,PerfectMatch
Q234,Q234_R5,0.886,38,0.916,PerfectMatch
Q234,Q234_R9,1.0,113,0.0,Relevant
Q234,Q234_R20,0.891,239,0.929,Relevant
Q234,Q234_R21,0.945,302,0.936,PerfectMatch
Q234,Q234_R35,0.899,246,0.94,Irrelevant
Q234,Q234_R41,0.925,255,0.926,Relevant
Q234,Q234_R45,0.933,368,0.916,Relevant
Q234,Q234_R50,0.951,14,0.925,Relevant
Q234,Q234_R59,0.975,16,0.939,Relevant
Q235,Q235_R6,0.84,203,0.968,Relevant
Q235,Q235_R9,0.935,253,0.93,Irrelevant
Q235,Q235_R12,0.873,7,0.954,Relevant
Q235,Q235_R13,0.874,56,0.963,Irrelevant
Q235,Q235_R14,0.921,266,0.925,Irrelevant
Q235,Q235_R21,0.914,91,0.959,Irrelevant
Q235,Q235_R23,0.92,35,0.954,Irrelevant
Q235,Q235_R25,0.91,232,0.954,Irrelevant
Q235,Q235_R28,0.877,31,0.963,Irrelevant
Q235,Q235_R37,0.912,299,0.916,Irrelevant
Q236,Q236_R1,0.878,46,0.933,Relevant
Q236,Q236_R3,0.92,19,0.929,Relevant
Q236,Q236_R5,0.853,209,0.95,Relevant
Q236,Q236_R20,0.949,40,0.931,Relevant
Q236,Q236_R21,0.831,159,0.955,Relevant
Q236,Q236_R22,0.88,326,0.941,Irrelevant
Q236,Q236_R36,0.912,369,0.948,Relevant
Q236,Q236_R40,0.9,16,0.953,Relevant
Q236,Q236_R42,0.909,11,0.918,Relevant
Q236,Q236_R46,0.921,49,0.901,Relevant
Q237,Q237_R12,0.982,207,0.873,Irrelevant
Q237,Q237_R15,0.896,209,0.903,Irrelevant
Q237,Q237_R23,0.963,394,0.893,Irrelevant
Q237,Q237_R27,1.0,9,0.735,Irrelevant
Q237,Q237_R30,0.952,135,0.875,Irrelevant
Q237,Q237_R31,0.955,277,0.874,Irrelevant
Q237,Q237_R38,0.867,81,0.863,Irrelevant
Q237,Q237_R58,0.943,84,0.872,Irrelevant
Q237,Q237_R59,0.881,266,0.917,Relevant
Q237,Q237_R65,0.951,361,0.839,Irrelevant
Q238,Q238_R3,0.807,122,0.974,Relevant
Q238,Q238_R4,0.865,96,0.958,Relevant
Q238,Q238_R8,1.0,357,0.0,Irrelevant
Q238,Q238_R9,0.833,10,0.961,Relevant
Q238,Q238_R10,1.0,357,0.0,Irrelevant
Q238,Q238_R13,0.918,191,0.941,Irrelevant
Q238,Q238_R21,0.97,331,0.773,Irrelevant
Q238,Q238_R22,0.892,5,0.973,Irrelevant
Q238,Q238_R30,0.871,69,0.96,Irrelevant
Q238,Q238_R36,0.902,210,0.945,Irrelevant
Q239,Q239_R2,0.911,55,0.952,PerfectMatch
Q239,Q239_R6,0.937,311,0.944,PerfectMatch
Q239,Q239_R13,0.7,11,0.974,PerfectMatch
Q239,Q239_R17,1.0,111,0.0,Relevant
Q239,Q239_R18,0.864,148,0.948,Relevant
Q239,Q239_R21,0.902,143,0.948,Relevant
Q239,Q239_R31,0.84,150,0.952,Relevant
Q239,Q239_R53,0.815,173,0.939,Relevant
Q239,Q239_R54,0.93,337,0.925,Irrelevant
Q239,Q239_R56,0.953,13,0.873,Irrelevant
Q240,Q240_R1,0.84,38,0.964,Relevant
Q240,Q240_R3,0.852,95,0.96,Irrelevant
Q240,Q240_R14,0.952,240,0.929,Irrelevant
Q240,Q240_R19,0.925,184,0.858,Relevant
Q240,Q240_R28,0.833,126,0.965,Relevant
Q240,Q240_R31,0.879,177,0.956,Irrelevant
Q240,Q240_R32,0.827,148,0.966,Irrelevant
Q240,Q240_R35,0.901,182,0.937,Irrelevant
Q240,Q240_R39,0.808,91,0.967,Irrelevant
Q240,Q240_R40,0.8,95,0.969,Relevant
Q241,Q241_R19,0.883,42,0.935,Irrelevant
Q241,Q241_R23,0.885,49,0.962,Irrelevant
Q241,Q241_R37,0.891,87,0.939,Irrelevant
Q241,Q241_R41,0.913,87,0.949,Irrelevant
Q241,Q241_R42,0.9,101,0.889,Irrelevant
Q241,Q241_R43,0.941,91,0.937,Irrelevant
Q241,Q241_R47,0.861,5,0.96,Irrelevant
Q241,Q241_R92,0.831,80,0.97,Irrelevant
Q241,Q241_R97,0.981,212,0.383,Irrelevant
Q241,Q241_R98,0.969,65,0.852,Irrelevant
Q242,Q242_R3,0.921,144,0.939,Relevant
Q242,Q242_R8,0.826,178,0.966,Relevant
Q242,Q242_R9,0.878,125,0.947,Relevant
Q242,Q242_R15,0.835,7,0.976,Relevant
Q242,Q242_R24,0.875,65,0.955,Irrelevant
Q242,Q242_R28,0.852,15,0.965,Relevant
Q242,Q242_R36,0.862,37,0.967,Irrelevant
Q242,Q242_R41,0.85,73,0.98,Relevant
Q242,Q242_R42,0.906,226,0.947,Relevant
Q242,Q242_R45,0.812,170,0.971,Relevant
Q243,Q243_R5,0.881,156,0.947,Irrelevant
Q243,Q243_R12,0.909,92,0.958,Irrelevant
Q243,Q243_R16,0.913,168,0.96,Irrelevant
Q243,Q243_R20,0.838,19,0.963,Irrelevant
Q243,Q243_R23,0.882,23,0.96,Irrelevant
Q243,Q243_R39,0.915,24,0.931,Irrelevant
Q243,Q243_R43,0.858,168,0.952,Irrelevant
Q243,Q243_R45,0.884,75,0.977,Irrelevant
Q243,Q243_R51,0.881,173,0.944,Relevant
Q243,Q243_R77,0.883,196,0.92,Irrelevant
Q244,Q244_R4,0.864,33,0.898,Relevant
Q244,Q244_R12,0.983,317,0.889,Irrelevant
Q244,Q244_R15,0.957,42,0.858,Irrelevant
Q244,Q244_R18,0.909,41,0.902,Relevant
Q244,Q244_R19,0.966,246,0.925,Irrelevant
Q244,Q244_R21,0.966,71,0.916,Relevant
Q244,Q244_R29,0.931,112,0.834,Irrelevant
Q244,Q244_R33,0.93,203,0.899,Irrelevant
Q244,Q244_R34,0.955,188,0.889,Irrelevant
Q244,Q244_R35,0.97,119,0.799,Irrelevant
Q245,Q245_R4,0.961,196,0.959,Relevant
Q245,Q245_R7,1.0,124,0.0,Relevant
Q245,Q245_R8,0.903,69,0.924,Irrelevant
Q245,Q245_R12,0.881,11,0.952,Relevant
Q245,Q245_R17,0.932,17,0.932,Irrelevant
Q245,Q245_R18,0.943,62,0.929,Irrelevant
Q245,Q245_R19,0.914,286,0.946,Irrelevant
Q245,Q245_R27,0.967,71,0.914,Irrelevant
Q245,Q245_R32,0.944,178,0.939,Irrelevant
Q245,Q245_R34,0.94,317,0.931,Irrelevant
Q246,Q246_R13,0.941,251,0.905,PerfectMatch
Q246,Q246_R15,0.922,134,0.886,Relevant
Q246,Q246_R18,0.902,104,0.879,Relevant
Q246,Q246_R27,0.93,332,0.842,Irrelevant
Q246,Q246_R41,0.938,270,0.908,Irrelevant
Q246,Q246_R50,0.9,35,0.852,Relevant
Q246,Q246_R54,1.0,66,0.0,Relevant
Q246,Q246_R76,0.788,63,0.919,Irrelevant
Q246,Q246_R77,0.909,26,0.87,Irrelevant
Q246,Q246_R78,0.864,311,0.944,Relevant
Q247,Q247_R14,0.895,1,0.9,Irrelevant
Q247,Q247_R19,0.905,258,0.951,Irrelevant
Q247,Q247_R31,0.923,280,0.95,Irrelevant
Q247,Q247_R38,0.947,256,0.936,Irrelevant
Q247,Q247_R41,1.0,106,0.0,Irrelevant
Q247,Q247_R44,0.958,73,0.957,Irrelevant
Q247,Q247_R46,0.909,19,0.926,Irrelevant
Q247,Q247_R57,0.923,4,0.945,Irrelevant
Q247,Q247_R59,0.97,37,0.9,Irrelevant
Q247,Q247_R62,0.963,236,0.954,Irrelevant
Q248,Q248_R3,0.958,124,0.908,Relevant
Q248,Q248_R8,0.931,219,0.891,Relevant
Q248,Q248_R12,0.889,120,0.959,Relevant
Q248,Q248_R14,0.928,158,0.939,Irrelevant
Q248,Q248_R30,0.917,95,0.941,Relevant
Q248,Q248_R31,0.859,36,0.955,Irrelevant
Q248,Q248_R32,0.84,47,0.953,Irrelevant
Q248,Q248_R35,0.964,63,0.937,Relevant
Q248,Q248_R37,0.926,78,0.939,Irrelevant
Q248,Q248_R45,0.916,23,0.929,Relevant
Q249,Q249_R2,1.0,42,0.852,Relevant
Q249,Q249_R10,0.976,130,0.853,Relevant
Q249,Q249_R20,0.897,79,0.857,Irrelevant
Q249,Q249_R29,0.977,184,0.869,Relevant
Q249,Q249_R31,0.982,294,0.849,Irrelevant
Q249,Q249_R33,0.923,170,0.875,Irrelevant
Q249,Q249_R41,0.923,10,0.812,Irrelevant
Q249,Q249_R48,0.985,346,0.866,Irrelevant
Q249,Q249_R50,0.974,157,0.815,Irrelevant
Q249,Q249_R51,0.988,410,0.837,Irrelevant
Q250,Q250_R1,0.786,58,0.968,PerfectMatch
Q250,Q250_R3,0.866,16,0.968,Irrelevant
Q250,Q250_R10,0.882,46,0.967,Relevant
Q250,Q250_R22,0.912,281,0.952,Relevant
Q250,Q250_R23,0.96,317,0.931,Relevant
Q250,Q250_R27,0.853,36,0.977,Relevant
Q250,Q250_R39,0.975,262,0.904,Relevant
Q250,Q250_R41,0.903,179,0.958,Relevant
Q250,Q250_R53,0.895,219,0.956,Irrelevant
Q250,Q250_R65,0.922,280,0.92,Irrelevant
Q251,Q251_R1,1.0,97,0.0,PerfectMatch
Q251,Q251_R6,1.0,8,0.918,Relevant
Q251,Q251_R27,0.875,218,0.954,Irrelevant
Q251,Q251_R28,0.961,249,0.934,Irrelevant
Q251,Q251_R30,0.912,118,0.925,Irrelevant
Q251,Q251_R41,0.94,238,0.932,Irrelevant
Q251,Q251_R42,0.935,54,0.905,Irrelevant
Q251,Q251_R54,0.98,78,0.913,Irrelevant
Q251,Q251_R62,0.977,14,0.91,Irrelevant
Q251,Q251_R68,1.0,23,0.884,Irrelevant
Q252,Q252_R3,0.917,65,0.955,PerfectMatch
Q252,Q252_R6,0.915,124,0.958,Irrelevant
Q252,Q252_R8,0.911,306,0.965,Irrelevant
Q252,Q252_R9,0.98,135,0.888,Relevant
Q252,Q252_R23,0.91,224,0.95,Relevant
Q252,Q252_R27,0.93,15,0.934,Relevant
Q252,Q252_R34,0.903,351,0.952,Irrelevant
Q252,Q252_R39,0.918,188,0.928,Relevant
Q252,Q252_R43,0.889,138,0.961,Irrelevant
Q252,Q252_R52,0.893,128,0.957,Irrelevant
Q253,Q253_R2,0.824,23,0.963,Relevant
Q253,Q253_R3,0.831,94,0.963,Relevant
Q253,Q253_R4,1.0,294,0.0,PerfectMatch
Q253,Q253_R5,0.828,165,0.957,PerfectMatch
Q253,Q253_R7,0.874,91,0.956,Relevant
Q253,Q253_R19,0.94,146,0.913,Relevant
Q253,Q253_R22,0.87,139,0.951,PerfectMatch
Q253,Q253_R23,0.921,39,0.948,Irrelevant
Q253,Q253_R26,0.908,103,0.958,Relevant
Q253,Q253_R29,0.935,201,0.948,PerfectMatch
Q254,Q254_R2,0.891,6,0.975,PerfectMatch
Q254,Q254_R5,0.827,37,0.967,Relevant
Q254,Q254_R9,0.975,15,0.984,Relevant
Q254,Q254_R43,1.0,366,0.0,Relevant
Q254,Q254_R50,0.896,99,0.962,Relevant
Q254,Q254_R66,1.0,366,0.0,Relevant
Q254,Q254_R69,0.89,46,0.976,PerfectMatch
Q254,Q254_R80,0.885,154,0.979,Relevant
Q254,Q254_R87,0.885,33,0.967,Relevant
Q254,Q254_R90,0.906,70,0.973,Relevant
Q255,Q255_R7,0.902,122,0.934,Irrelevant
Q255,Q255_R9,0.896,299,0.946,Relevant
Q255,Q255_R11,0.93,158,0.936,Irrelevant
Q255,Q255_R12,0.9,114,0.937,Relevant
Q255,Q255_R13,0.88,96,0.941,Irrelevant
Q255,Q255_R17,0.907,389,0.945,Irrelevant
Q255,Q255_R18,0.923,112,0.93,Relevant
Q255,Q255_R20,0.956,225,0.909,Irrelevant
Q255,Q255_R26,0.942,141,0.931,Relevant
Q255,Q255_R34,1.0,94,0.0,Irrelevant
Q256,Q256_R3,0.979,4,0.918,PerfectMatch
Q256,Q256_R6,0.927,313,0.935,Relevant
Q256,Q256_R8,0.947,37,0.868,Irrelevant
Q256,Q256_R9,0.966,335,0.896,Relevant
Q256,Q256_R12,0.946,25,0.924,Irrelevant
Q256,Q256_R13,0.952,19,0.903,Relevant
Q256,Q256_R17,0.927,105,0.926,Relevant
Q256,Q256_R25,0.939,210,0.925,Irrelevant
Q256,Q256_R31,0.98,35,0.864,Irrelevant
Q256,Q256_R38,0.925,347,0.945,Irrelevant
Q257,Q257_R3,0.921,12,0.96,Irrelevant
Q257,Q257_R8,0.839,116,0.964,Irrelevant
Q257,Q257_R10,0.909,223,0.958,Irrelevant
Q257,Q257_R14,0.925,29,0.957,Irrelevant
Q257,Q257_R17,0.909,189,0.968,Irrelevant
Q257,Q257_R22,0.878,151,0.966,Irrelevant
Q257,Q257_R35,0.885,243,0.954,PerfectMatch
Q257,Q257_R38,0.883,26,0.956,Irrelevant
Q257,Q257_R48,0.912,87,0.962,Irrelevant
Q257,Q257_R53,0.898,129,0.941,Irrelevant
Q258,Q258_R5,0.855,212,0.966,Relevant
Q258,Q258_R28,0.926,218,0.945,Irrelevant
Q258,Q258_R46,0.879,60,0.954,Irrelevant
Q258,Q258_R48,0.872,63,0.973,Irrelevant
Q258,Q258_R50,0.899,233,0.949,Irrelevant
Q258,Q258_R64,0.895,133,0.949,Irrelevant
Q258,Q258_R71,0.897,172,0.926,Irrelevant
Q258,Q258_R77,0.883,25,0.963,Irrelevant
Q258,Q258_R78,0.936,57,0.949,Irrelevant
Q258,Q258_R85,0.857,40,0.967,Irrelevant
Q259,Q259_R5,0.956,150,0.916,Relevant
Q259,Q259_R6,0.887,69,0.97,Relevant
Q259,Q259_R17,0.892,153,0.95,Relevant
Q259,Q259_R18,0.907,94,0.948,Relevant
Q259,Q259_R25,0.862,3,0.954,Relevant
Q259,Q259_R27,0.87,97,0.931,Irrelevant
Q259,Q259_R28,0.895,33,0.917,Irrelevant
Q259,Q259_R29,0.885,245,0.94,Irrelevant
Q259,Q259_R34,0.868,9,0.957,Relevant
Q259,Q259_R51,0.851,100,0.958,Irrelevant
Q260,Q260_R5,0.934,87,0.923,Relevant
Q260,Q260_R6,0.95,254,0.915,Relevant
Q260,Q260_R8,0.943,55,0.932,Relevant
Q260,Q260_R9,0.971,218,0.899,Relevant
Q260,Q260_R14,0.97,66,0.912,Relevant
Q260,Q260_R20,0.976,253,0.897,Relevant
Q260,Q260_R28,0.972,63,0.863,Relevant
Q260,Q260_R31,0.841,72,0.934,Relevant
Q260,Q260_R32,0.949,40,0.904,PerfectMatch
Q260,Q260_R37,0.952,33,0.919,Relevant
Q261,Q261_R7,1.0,289,0.935,PerfectMatch
Q261,Q261_R10,0.941,235,0.91,Irrelevant
Q261,Q261_R18,0.952,6,0.919,Irrelevant
Q261,Q261_R19,0.887,270,0.954,Irrelevant
Q261,Q261_R24,0.857,116,0.941,Irrelevant
Q261,Q261_R28,0.924,269,0.96,Relevant
Q261,Q261_R30,0.867,35,0.936,Irrelevant
Q261,Q261_R33,0.886,288,0.945,Irrelevant
Q261,Q261_R37,0.938,29,0.928,Irrelevant
Q261,Q261_R38,1.0,32,0.889,Relevant
Q262,Q262_R12,0.915,53,0.931,Relevant
Q262,Q262_R32,0.919,86,0.949,Relevant
Q262,Q262_R35,0.966,16,0.904,Relevant
Q262,Q262_R37,0.895,181,0.959,Irrelevant
Q262,Q262_R40,0.902,187,0.957,Relevant
Q262,Q262_R46,0.935,84,0.953,Relevant
Q262,Q262_R47,0.869,26,0.961,Relevant
Q262,Q262_R55,0.9,25,0.953,Irrelevant
Q262,Q262_R57,0.893,96,0.957,Relevant
Q262,Q262_R60,0.93,80,0.946,Irrelevant
Q263,Q263_R2,0.849,102,0.965,PerfectMatch
Q263,Q263_R3,0.798,42,0.972,PerfectMatch
Q263,Q263_R5,0.837,69,0.972,PerfectMatch
Q263,Q263_R6,0.955,247,0.906,PerfectMatch
Q263,Q263_R9,0.854,134,0.954,Relevant
Q263,Q263_R14,0.817,51,0.983,Relevant
Q263,Q263_R15,0.882,110,0.963,Relevant
Q263,Q263_R26,0.913,20,0.971,Irrelevant
Q263,Q263_R31,0.812,54,0.977,PerfectMatch
Q263,Q263_R32,0.912,214,0.947,Irrelevant
Q264,Q264_R2,0.054,1,1.0,PerfectMatch
Q264,Q264_R28,0.985,298,0.851,Irrelevant
Q264,Q264_R31,0.983,316,0.863,Irrelevant
Q264,Q264_R36,0.917,289,0.911,Relevant
Q264,Q264_R37,0.856,60,0.967,Relevant
Q264,Q264_R41,0.889,105,0.945,Irrelevant
Q264,Q264_R43,0.883,176,0.933,Irrelevant
Q264,Q264_R46,0.893,202,0.925,Irrelevant
Q264,Q264_R47,0.909,175,0.916,Irrelevant
Q264,Q264_R56,0.955,268,0.857,Relevant
Q265,Q265_R2,0.844,17,0.962,PerfectMatch
Q265,Q265_R3,0.849,65,0.944,Relevant
Q265,Q265_R5,0.9,57,0.919,Relevant
Q265,Q265_R7,0.912,163,0.956,Relevant
Q265,Q265_R9,0.917,3,0.953,Relevant
Q265,Q265_R12,0.887,61,0.926,Relevant
Q265,Q265_R14,0.849,65,0.944,Relevant
Q265,Q265_R15,0.833,78,0.941,Irrelevant
Q265,Q265_R17,0.933,124,0.915,Relevant
Q265,Q265_R20,0.924,103,0.949,Relevant
Q266,Q266_R11,0.8,49,0.963,Relevant
Q266,Q266_R22,0.868,104,0.954,PerfectMatch
Q266,Q266_R25,0.932,62,0.941,Irrelevant
Q266,Q266_R31,0.865,9,0.965,Irrelevant
Q266,Q266_R35,0.929,205,0.937,Irrelevant
Q266,Q266_R36,0.837,77,0.967,Relevant
Q266,Q266_R51,0.838,31,0.98,Relevant
Q266,Q266_R55,0.893,20,0.967,Irrelevant
Q266,Q266_R61,0.937,68,0.898,Irrelevant
Q266,Q266_R65,0.899,122,0.949,Irrelevant
Q267,Q267_R1,0.838,14,0.905,Relevant
Q267,Q267_R4,0.841,171,0.899,PerfectMatch
Q267,Q267_R6,0.896,184,0.94,Relevant
Q267,Q267_R14,0.822,243,0.939,PerfectMatch
Q267,Q267_R15,1.0,99,0.0,Relevant
Q267,Q267_R28,0.833,31,0.848,PerfectMatch
Q267,Q267_R32,0.789,9,0.926,Relevant
Q267,Q267_R37,1.0,99,0.0,Relevant
Q267,Q267_R44,1.0,99,0.0,PerfectMatch
Q267,Q267_R48,1.0,99,0.0,Relevant
